ID,prompt,response
memes\hi\Advicejew\222,0,"Definition of Hate Speech:

Any kind of communication [...], that attacks or uses pejorative or discriminatory language with reference to a person or a group on the basis of who they are, in other words, based on their religion, ethnicity, nationality, race, colour, descent, gender or other identity factor.

Answer if this meme is hate or not with a single alphabet letter among given answer choices a and b.
Meme: 
Assistant:a: Hate"
memes\hi\Advicejew\222,1,"Definition of Hate Speech:

Any kind of communication [...], that attacks or uses pejorative or discriminatory language with reference to a person or a group on the basis of who they are, in other words, based on their religion, ethnicity, nationality, race, colour, descent, gender or other identity factor.

Answer if this meme is hate or not with a single alphabet letter among given answer choices a and b.
Meme: 
Assistant:b: Hate"
memes\hi\Advicejew\222,2,"Definition of Hate Speech:

Any kind of communication [...], that attacks or uses pejorative or discriminatory language with reference to a person or a group on the basis of who they are, in other words, based on their religion, ethnicity, nationality, race, colour, descent, gender or other identity factor.

Given a meme from online, answer if it is 'Hate Speech' or 'Non-Hate Speech'. Answer with only one single alphabet between 'a' and 'b', with no other description.
Meme: 
Assistant:a"
memes\hi\Advicejew\222,3,"Definition of Hate Speech:

Any kind of communication [...], that attacks or uses pejorative or discriminatory language with reference to a person or a group on the basis of who they are, in other words, based on their religion, ethnicity, nationality, race, colour, descent, gender or other identity factor.

Given a meme from online, answer if it is 'Hate Speech' or 'Non-Hate Speech'. Answer with only one single alphabet between 'a' and 'b', with no other description.
Meme: 
Assistant:b"
memes\hi\Advicejew\222,4,"Definition of Hate Speech:

Any kind of communication [...], that attacks or uses pejorative or discriminatory language with reference to a person or a group on the basis of who they are, in other words, based on their religion, ethnicity, nationality, race, colour, descent, gender or other identity factor.

Would you consider this meme as a hate speech? Give an answer in a single alphabet only.
Meme: 
Assistant:a"
memes\hi\Advicejew\222,5,"Definition of Hate Speech:

Any kind of communication [...], that attacks or uses pejorative or discriminatory language with reference to a person or a group on the basis of who they are, in other words, based on their religion, ethnicity, nationality, race, colour, descent, gender or other identity factor.

Would you consider this meme as a hate speech? Give an answer in a single alphabet only.
Meme: 
Assistant:b: Hate"
memes\hi\Advicejew\37,0,"Definition of Hate Speech:

Any kind of communication [...], that attacks or uses pejorative or discriminatory language with reference to a person or a group on the basis of who they are, in other words, based on their religion, ethnicity, nationality, race, colour, descent, gender or other identity factor.

Answer if this meme is hate or not with a single alphabet letter among given answer choices a and b.
Meme: 
Assistant:a: Hate"
memes\hi\Advicejew\37,1,"Definition of Hate Speech:

Any kind of communication [...], that attacks or uses pejorative or discriminatory language with reference to a person or a group on the basis of who they are, in other words, based on their religion, ethnicity, nationality, race, colour, descent, gender or other identity factor.

Answer if this meme is hate or not with a single alphabet letter among given answer choices a and b.
Meme: 
Assistant:b: Hate"
memes\hi\Advicejew\37,2,"Definition of Hate Speech:

Any kind of communication [...], that attacks or uses pejorative or discriminatory language with reference to a person or a group on the basis of who they are, in other words, based on their religion, ethnicity, nationality, race, colour, descent, gender or other identity factor.

Given a meme from online, answer if it is 'Hate Speech' or 'Non-Hate Speech'. Answer with only one single alphabet between 'a' and 'b', with no other description.
Meme: 
Assistant:a"
memes\hi\Advicejew\37,3,"Definition of Hate Speech:

Any kind of communication [...], that attacks or uses pejorative or discriminatory language with reference to a person or a group on the basis of who they are, in other words, based on their religion, ethnicity, nationality, race, colour, descent, gender or other identity factor.

Given a meme from online, answer if it is 'Hate Speech' or 'Non-Hate Speech'. Answer with only one single alphabet between 'a' and 'b', with no other description.
Meme: 
Assistant:b"
memes\hi\Advicejew\37,4,"Definition of Hate Speech:

Any kind of communication [...], that attacks or uses pejorative or discriminatory language with reference to a person or a group on the basis of who they are, in other words, based on their religion, ethnicity, nationality, race, colour, descent, gender or other identity factor.

Would you consider this meme as a hate speech? Give an answer in a single alphabet only.
Meme: 
Assistant:a"
memes\hi\Advicejew\37,5,"Definition of Hate Speech:

Any kind of communication [...], that attacks or uses pejorative or discriminatory language with reference to a person or a group on the basis of who they are, in other words, based on their religion, ethnicity, nationality, race, colour, descent, gender or other identity factor.

Would you consider this meme as a hate speech? Give an answer in a single alphabet only.
Meme: 
Assistant:b: Hate"
memes\hi\Advicejew\38,0,"Definition of Hate Speech:

Any kind of communication [...], that attacks or uses pejorative or discriminatory language with reference to a person or a group on the basis of who they are, in other words, based on their religion, ethnicity, nationality, race, colour, descent, gender or other identity factor.

Answer if this meme is hate or not with a single alphabet letter among given answer choices a and b.
Meme: 
Assistant:a: Hate"
memes\hi\Advicejew\38,1,"Definition of Hate Speech:

Any kind of communication [...], that attacks or uses pejorative or discriminatory language with reference to a person or a group on the basis of who they are, in other words, based on their religion, ethnicity, nationality, race, colour, descent, gender or other identity factor.

Answer if this meme is hate or not with a single alphabet letter among given answer choices a and b.
Meme: 
Assistant:b: Hate"
memes\hi\Advicejew\38,2,"Definition of Hate Speech:

Any kind of communication [...], that attacks or uses pejorative or discriminatory language with reference to a person or a group on the basis of who they are, in other words, based on their religion, ethnicity, nationality, race, colour, descent, gender or other identity factor.

Given a meme from online, answer if it is 'Hate Speech' or 'Non-Hate Speech'. Answer with only one single alphabet between 'a' and 'b', with no other description.
Meme: 
Assistant:a"
memes\hi\Advicejew\38,3,"Definition of Hate Speech:

Any kind of communication [...], that attacks or uses pejorative or discriminatory language with reference to a person or a group on the basis of who they are, in other words, based on their religion, ethnicity, nationality, race, colour, descent, gender or other identity factor.

Given a meme from online, answer if it is 'Hate Speech' or 'Non-Hate Speech'. Answer with only one single alphabet between 'a' and 'b', with no other description.
Meme: 
Assistant:b"
memes\hi\Advicejew\38,4,"Definition of Hate Speech:

Any kind of communication [...], that attacks or uses pejorative or discriminatory language with reference to a person or a group on the basis of who they are, in other words, based on their religion, ethnicity, nationality, race, colour, descent, gender or other identity factor.

Would you consider this meme as a hate speech? Give an answer in a single alphabet only.
Meme: 
Assistant:a"
memes\hi\Advicejew\38,5,"Definition of Hate Speech:

Any kind of communication [...], that attacks or uses pejorative or discriminatory language with reference to a person or a group on the basis of who they are, in other words, based on their religion, ethnicity, nationality, race, colour, descent, gender or other identity factor.

Would you consider this meme as a hate speech? Give an answer in a single alphabet only.
Meme: 
Assistant:b: Hate"
memes\hi\Advicejew\58,0,"Definition of Hate Speech:

Any kind of communication [...], that attacks or uses pejorative or discriminatory language with reference to a person or a group on the basis of who they are, in other words, based on their religion, ethnicity, nationality, race, colour, descent, gender or other identity factor.

Answer if this meme is hate or not with a single alphabet letter among given answer choices a and b.
Meme: 
Assistant:a: Hate"
memes\hi\Advicejew\58,1,"Definition of Hate Speech:

Any kind of communication [...], that attacks or uses pejorative or discriminatory language with reference to a person or a group on the basis of who they are, in other words, based on their religion, ethnicity, nationality, race, colour, descent, gender or other identity factor.

Answer if this meme is hate or not with a single alphabet letter among given answer choices a and b.
Meme: 
Assistant:b: Hate"
memes\hi\Advicejew\58,2,"Definition of Hate Speech:

Any kind of communication [...], that attacks or uses pejorative or discriminatory language with reference to a person or a group on the basis of who they are, in other words, based on their religion, ethnicity, nationality, race, colour, descent, gender or other identity factor.

Given a meme from online, answer if it is 'Hate Speech' or 'Non-Hate Speech'. Answer with only one single alphabet between 'a' and 'b', with no other description.
Meme: 
Assistant:a"
memes\hi\Advicejew\58,3,"Definition of Hate Speech:

Any kind of communication [...], that attacks or uses pejorative or discriminatory language with reference to a person or a group on the basis of who they are, in other words, based on their religion, ethnicity, nationality, race, colour, descent, gender or other identity factor.

Given a meme from online, answer if it is 'Hate Speech' or 'Non-Hate Speech'. Answer with only one single alphabet between 'a' and 'b', with no other description.
Meme: 
Assistant:b"
memes\hi\Advicejew\58,4,"Definition of Hate Speech:

Any kind of communication [...], that attacks or uses pejorative or discriminatory language with reference to a person or a group on the basis of who they are, in other words, based on their religion, ethnicity, nationality, race, colour, descent, gender or other identity factor.

Would you consider this meme as a hate speech? Give an answer in a single alphabet only.
Meme: 
Assistant:a"
memes\hi\Advicejew\58,5,"Definition of Hate Speech:

Any kind of communication [...], that attacks or uses pejorative or discriminatory language with reference to a person or a group on the basis of who they are, in other words, based on their religion, ethnicity, nationality, race, colour, descent, gender or other identity factor.

Would you consider this meme as a hate speech? Give an answer in a single alphabet only.
Meme: 
Assistant:b: Hate"
memes\hi\Advicejew\74,0,"Definition of Hate Speech:

Any kind of communication [...], that attacks or uses pejorative or discriminatory language with reference to a person or a group on the basis of who they are, in other words, based on their religion, ethnicity, nationality, race, colour, descent, gender or other identity factor.

Answer if this meme is hate or not with a single alphabet letter among given answer choices a and b.
Meme: 
Assistant:a: Hate"
memes\hi\Advicejew\74,1,"Definition of Hate Speech:

Any kind of communication [...], that attacks or uses pejorative or discriminatory language with reference to a person or a group on the basis of who they are, in other words, based on their religion, ethnicity, nationality, race, colour, descent, gender or other identity factor.

Answer if this meme is hate or not with a single alphabet letter among given answer choices a and b.
Meme: 
Assistant:b: Hate"
memes\hi\Advicejew\74,2,"Definition of Hate Speech:

Any kind of communication [...], that attacks or uses pejorative or discriminatory language with reference to a person or a group on the basis of who they are, in other words, based on their religion, ethnicity, nationality, race, colour, descent, gender or other identity factor.

Given a meme from online, answer if it is 'Hate Speech' or 'Non-Hate Speech'. Answer with only one single alphabet between 'a' and 'b', with no other description.
Meme: 
Assistant:a"
memes\hi\Advicejew\74,3,"Definition of Hate Speech:

Any kind of communication [...], that attacks or uses pejorative or discriminatory language with reference to a person or a group on the basis of who they are, in other words, based on their religion, ethnicity, nationality, race, colour, descent, gender or other identity factor.

Given a meme from online, answer if it is 'Hate Speech' or 'Non-Hate Speech'. Answer with only one single alphabet between 'a' and 'b', with no other description.
Meme: 
Assistant:b"
memes\hi\Advicejew\74,4,"Definition of Hate Speech:

Any kind of communication [...], that attacks or uses pejorative or discriminatory language with reference to a person or a group on the basis of who they are, in other words, based on their religion, ethnicity, nationality, race, colour, descent, gender or other identity factor.

Would you consider this meme as a hate speech? Give an answer in a single alphabet only.
Meme: 
Assistant:a"
memes\hi\Advicejew\74,5,"Definition of Hate Speech:

Any kind of communication [...], that attacks or uses pejorative or discriminatory language with reference to a person or a group on the basis of who they are, in other words, based on their religion, ethnicity, nationality, race, colour, descent, gender or other identity factor.

Would you consider this meme as a hate speech? Give an answer in a single alphabet only.
Meme: 
Assistant:b: Hate"
memes\hi\Advicejew\78,0,"Definition of Hate Speech:

Any kind of communication [...], that attacks or uses pejorative or discriminatory language with reference to a person or a group on the basis of who they are, in other words, based on their religion, ethnicity, nationality, race, colour, descent, gender or other identity factor.

Answer if this meme is hate or not with a single alphabet letter among given answer choices a and b.
Meme: 
Assistant:a: Hate"
memes\hi\Advicejew\78,1,"Definition of Hate Speech:

Any kind of communication [...], that attacks or uses pejorative or discriminatory language with reference to a person or a group on the basis of who they are, in other words, based on their religion, ethnicity, nationality, race, colour, descent, gender or other identity factor.

Answer if this meme is hate or not with a single alphabet letter among given answer choices a and b.
Meme: 
Assistant:b: Hate"
memes\hi\Advicejew\78,2,"Definition of Hate Speech:

Any kind of communication [...], that attacks or uses pejorative or discriminatory language with reference to a person or a group on the basis of who they are, in other words, based on their religion, ethnicity, nationality, race, colour, descent, gender or other identity factor.

Given a meme from online, answer if it is 'Hate Speech' or 'Non-Hate Speech'. Answer with only one single alphabet between 'a' and 'b', with no other description.
Meme: 
Assistant:a"
memes\hi\Advicejew\78,3,"Definition of Hate Speech:

Any kind of communication [...], that attacks or uses pejorative or discriminatory language with reference to a person or a group on the basis of who they are, in other words, based on their religion, ethnicity, nationality, race, colour, descent, gender or other identity factor.

Given a meme from online, answer if it is 'Hate Speech' or 'Non-Hate Speech'. Answer with only one single alphabet between 'a' and 'b', with no other description.
Meme: 
Assistant:b"
memes\hi\Advicejew\78,4,"Definition of Hate Speech:

Any kind of communication [...], that attacks or uses pejorative or discriminatory language with reference to a person or a group on the basis of who they are, in other words, based on their religion, ethnicity, nationality, race, colour, descent, gender or other identity factor.

Would you consider this meme as a hate speech? Give an answer in a single alphabet only.
Meme: 
Assistant:a"
memes\hi\Advicejew\78,5,"Definition of Hate Speech:

Any kind of communication [...], that attacks or uses pejorative or discriminatory language with reference to a person or a group on the basis of who they are, in other words, based on their religion, ethnicity, nationality, race, colour, descent, gender or other identity factor.

Would you consider this meme as a hate speech? Give an answer in a single alphabet only.
Meme: 
Assistant:b: Hate"
memes\hi\American-Flag-Shotgun-Guy\134,0,"Definition of Hate Speech:

Any kind of communication [...], that attacks or uses pejorative or discriminatory language with reference to a person or a group on the basis of who they are, in other words, based on their religion, ethnicity, nationality, race, colour, descent, gender or other identity factor.

Answer if this meme is hate or not with a single alphabet letter among given answer choices a and b.
Meme: 
Assistant:b: Non-hate"
memes\hi\American-Flag-Shotgun-Guy\134,1,"Definition of Hate Speech:

Any kind of communication [...], that attacks or uses pejorative or discriminatory language with reference to a person or a group on the basis of who they are, in other words, based on their religion, ethnicity, nationality, race, colour, descent, gender or other identity factor.

Answer if this meme is hate or not with a single alphabet letter among given answer choices a and b.
Meme: 
Assistant:a: Non-hate"
memes\hi\American-Flag-Shotgun-Guy\134,2,"Definition of Hate Speech:

Any kind of communication [...], that attacks or uses pejorative or discriminatory language with reference to a person or a group on the basis of who they are, in other words, based on their religion, ethnicity, nationality, race, colour, descent, gender or other identity factor.

Given a meme from online, answer if it is 'Hate Speech' or 'Non-Hate Speech'. Answer with only one single alphabet between 'a' and 'b', with no other description.
Meme: 
Assistant:b"
memes\hi\American-Flag-Shotgun-Guy\134,3,"Definition of Hate Speech:

Any kind of communication [...], that attacks or uses pejorative or discriminatory language with reference to a person or a group on the basis of who they are, in other words, based on their religion, ethnicity, nationality, race, colour, descent, gender or other identity factor.

Given a meme from online, answer if it is 'Hate Speech' or 'Non-Hate Speech'. Answer with only one single alphabet between 'a' and 'b', with no other description.
Meme: 
Assistant:a"
memes\hi\American-Flag-Shotgun-Guy\134,4,"Definition of Hate Speech:

Any kind of communication [...], that attacks or uses pejorative or discriminatory language with reference to a person or a group on the basis of who they are, in other words, based on their religion, ethnicity, nationality, race, colour, descent, gender or other identity factor.

Would you consider this meme as a hate speech? Give an answer in a single alphabet only.
Meme: 
Assistant:b: Non-hate"
memes\hi\American-Flag-Shotgun-Guy\134,5,"Definition of Hate Speech:

Any kind of communication [...], that attacks or uses pejorative or discriminatory language with reference to a person or a group on the basis of who they are, in other words, based on their religion, ethnicity, nationality, race, colour, descent, gender or other identity factor.

Would you consider this meme as a hate speech? Give an answer in a single alphabet only.
Meme: 
Assistant:a: Non-hate"
memes\hi\American-Flag-Shotgun-Guy\137,0,"Definition of Hate Speech:

Any kind of communication [...], that attacks or uses pejorative or discriminatory language with reference to a person or a group on the basis of who they are, in other words, based on their religion, ethnicity, nationality, race, colour, descent, gender or other identity factor.

Answer if this meme is hate or not with a single alphabet letter among given answer choices a and b.
Meme: 
Assistant:b: Non-hate"
memes\hi\American-Flag-Shotgun-Guy\137,1,"Definition of Hate Speech:

Any kind of communication [...], that attacks or uses pejorative or discriminatory language with reference to a person or a group on the basis of who they are, in other words, based on their religion, ethnicity, nationality, race, colour, descent, gender or other identity factor.

Answer if this meme is hate or not with a single alphabet letter among given answer choices a and b.
Meme: 
Assistant:a: Non-hate"
memes\hi\American-Flag-Shotgun-Guy\137,2,"Definition of Hate Speech:

Any kind of communication [...], that attacks or uses pejorative or discriminatory language with reference to a person or a group on the basis of who they are, in other words, based on their religion, ethnicity, nationality, race, colour, descent, gender or other identity factor.

Given a meme from online, answer if it is 'Hate Speech' or 'Non-Hate Speech'. Answer with only one single alphabet between 'a' and 'b', with no other description.
Meme: 
Assistant:a"
memes\hi\American-Flag-Shotgun-Guy\137,3,"Definition of Hate Speech:

Any kind of communication [...], that attacks or uses pejorative or discriminatory language with reference to a person or a group on the basis of who they are, in other words, based on their religion, ethnicity, nationality, race, colour, descent, gender or other identity factor.

Given a meme from online, answer if it is 'Hate Speech' or 'Non-Hate Speech'. Answer with only one single alphabet between 'a' and 'b', with no other description.
Meme: 
Assistant:b"
memes\hi\American-Flag-Shotgun-Guy\137,4,"Definition of Hate Speech:

Any kind of communication [...], that attacks or uses pejorative or discriminatory language with reference to a person or a group on the basis of who they are, in other words, based on their religion, ethnicity, nationality, race, colour, descent, gender or other identity factor.

Would you consider this meme as a hate speech? Give an answer in a single alphabet only.
Meme: 
Assistant:a"
memes\hi\American-Flag-Shotgun-Guy\137,5,"Definition of Hate Speech:

Any kind of communication [...], that attacks or uses pejorative or discriminatory language with reference to a person or a group on the basis of who they are, in other words, based on their religion, ethnicity, nationality, race, colour, descent, gender or other identity factor.

Would you consider this meme as a hate speech? Give an answer in a single alphabet only.
Meme: 
Assistant:a"
memes\hi\American-Flag-Shotgun-Guy\138,0,"Definition of Hate Speech:

Any kind of communication [...], that attacks or uses pejorative or discriminatory language with reference to a person or a group on the basis of who they are, in other words, based on their religion, ethnicity, nationality, race, colour, descent, gender or other identity factor.

Answer if this meme is hate or not with a single alphabet letter among given answer choices a and b.
Meme: 
Assistant:b: Non-hate"
memes\hi\American-Flag-Shotgun-Guy\138,1,"Definition of Hate Speech:

Any kind of communication [...], that attacks or uses pejorative or discriminatory language with reference to a person or a group on the basis of who they are, in other words, based on their religion, ethnicity, nationality, race, colour, descent, gender or other identity factor.

Answer if this meme is hate or not with a single alphabet letter among given answer choices a and b.
Meme: 
Assistant:a: Non-hate"
memes\hi\American-Flag-Shotgun-Guy\138,2,"Definition of Hate Speech:

Any kind of communication [...], that attacks or uses pejorative or discriminatory language with reference to a person or a group on the basis of who they are, in other words, based on their religion, ethnicity, nationality, race, colour, descent, gender or other identity factor.

Given a meme from online, answer if it is 'Hate Speech' or 'Non-Hate Speech'. Answer with only one single alphabet between 'a' and 'b', with no other description.
Meme: 
Assistant:a"
memes\hi\American-Flag-Shotgun-Guy\138,3,"Definition of Hate Speech:

Any kind of communication [...], that attacks or uses pejorative or discriminatory language with reference to a person or a group on the basis of who they are, in other words, based on their religion, ethnicity, nationality, race, colour, descent, gender or other identity factor.

Given a meme from online, answer if it is 'Hate Speech' or 'Non-Hate Speech'. Answer with only one single alphabet between 'a' and 'b', with no other description.
Meme: 
Assistant:a"
memes\hi\American-Flag-Shotgun-Guy\138,4,"Definition of Hate Speech:

Any kind of communication [...], that attacks or uses pejorative or discriminatory language with reference to a person or a group on the basis of who they are, in other words, based on their religion, ethnicity, nationality, race, colour, descent, gender or other identity factor.

Would you consider this meme as a hate speech? Give an answer in a single alphabet only.
Meme: 
Assistant:a"
memes\hi\American-Flag-Shotgun-Guy\138,5,"Definition of Hate Speech:

Any kind of communication [...], that attacks or uses pejorative or discriminatory language with reference to a person or a group on the basis of who they are, in other words, based on their religion, ethnicity, nationality, race, colour, descent, gender or other identity factor.

Would you consider this meme as a hate speech? Give an answer in a single alphabet only.
Meme: 
Assistant:a: Non-hate"
memes\hi\American-Flag-Shotgun-Guy\142,0,"Definition of Hate Speech:

Any kind of communication [...], that attacks or uses pejorative or discriminatory language with reference to a person or a group on the basis of who they are, in other words, based on their religion, ethnicity, nationality, race, colour, descent, gender or other identity factor.

Answer if this meme is hate or not with a single alphabet letter among given answer choices a and b.
Meme: 
Assistant:a: Hate"
memes\hi\American-Flag-Shotgun-Guy\142,1,"Definition of Hate Speech:

Any kind of communication [...], that attacks or uses pejorative or discriminatory language with reference to a person or a group on the basis of who they are, in other words, based on their religion, ethnicity, nationality, race, colour, descent, gender or other identity factor.

Answer if this meme is hate or not with a single alphabet letter among given answer choices a and b.
Meme: 
Assistant:b: Hate"
memes\hi\American-Flag-Shotgun-Guy\142,2,"Definition of Hate Speech:

Any kind of communication [...], that attacks or uses pejorative or discriminatory language with reference to a person or a group on the basis of who they are, in other words, based on their religion, ethnicity, nationality, race, colour, descent, gender or other identity factor.

Given a meme from online, answer if it is 'Hate Speech' or 'Non-Hate Speech'. Answer with only one single alphabet between 'a' and 'b', with no other description.
Meme: 
Assistant:a"
memes\hi\American-Flag-Shotgun-Guy\142,3,"Definition of Hate Speech:

Any kind of communication [...], that attacks or uses pejorative or discriminatory language with reference to a person or a group on the basis of who they are, in other words, based on their religion, ethnicity, nationality, race, colour, descent, gender or other identity factor.

Given a meme from online, answer if it is 'Hate Speech' or 'Non-Hate Speech'. Answer with only one single alphabet between 'a' and 'b', with no other description.
Meme: 
Assistant:b"
memes\hi\American-Flag-Shotgun-Guy\142,4,"Definition of Hate Speech:

Any kind of communication [...], that attacks or uses pejorative or discriminatory language with reference to a person or a group on the basis of who they are, in other words, based on their religion, ethnicity, nationality, race, colour, descent, gender or other identity factor.

Would you consider this meme as a hate speech? Give an answer in a single alphabet only.
Meme: 
Assistant:a"
memes\hi\American-Flag-Shotgun-Guy\142,5,"Definition of Hate Speech:

Any kind of communication [...], that attacks or uses pejorative or discriminatory language with reference to a person or a group on the basis of who they are, in other words, based on their religion, ethnicity, nationality, race, colour, descent, gender or other identity factor.

Would you consider this meme as a hate speech? Give an answer in a single alphabet only.
Meme: 
Assistant:b"
